<?xml version="1.0" encoding="UTF-8" standalone="no"?>
<sprite_type>
 <width>88</width>
 <height>96</height>
 <images_list>
  <image_file id="1"  file_name="PhaseOne/MageOne.png"/>
  <image_file id="2"  file_name="PhaseOne/MageTwo.png"/>
  <image_file id="3"  file_name="PhaseOne/MageThree.png"/>
  <image_file id="4"  file_name="PhaseOne/MageFour.png"/>
  <image_file id="5"  file_name="PhaseOne/MageFive.png"/>
  <image_file id="6"  file_name="PhaseOne/MageSix.png"/>
  <image_file id="7"  file_name="PhaseTwo/Mage2One.png"/>
  <image_file id="8"  file_name="PhaseTwo/Mage2Two.png"/>
  <image_file id="9"  file_name="PhaseTwo/Mage2Three.png"/>
  <image_file id="10"  file_name="PhaseTwo/Mage2Four.png"/>
  <image_file id="11"  file_name="PhaseTwo/Mage2Five.png"/>
  <image_file id="12"  file_name="PhaseTwo/Mage2Six.png"/>
 </images_list>
 <animations_list>

    <animation_state>
  <state>IDLE</state>
   <animation_sequence>
    <pose image_id="1" duration="5"/>
	<pose image_id="2" duration="5"/>
	<pose image_id="3" duration="5"/>
	<pose image_id="4" duration="5"/>
	<pose image_id="5" duration="5"/>
	<pose image_id="6" duration="5"/>
   </animation_sequence>
  </animation_state>
  
  <animation_state>
  <state>IDLE_RIGHT</state>
   <animation_sequence>
    <pose image_id="1" duration="5"/>
	<pose image_id="2" duration="5"/>
	<pose image_id="3" duration="5"/>
	<pose image_id="4" duration="5"/>
	<pose image_id="5" duration="5"/>
	<pose image_id="6" duration="5"/>
   </animation_sequence>
  </animation_state>
  
    <animation_state>
  <state>PHASE_TWO_IDLE</state>
   <animation_sequence>
    <pose image_id="7" duration="20"/>
	<pose image_id="8" duration="20"/>
	<pose image_id="9" duration="20"/>
	<pose image_id="10" duration="20"/>
	<pose image_id="11" duration="20"/>
	<pose image_id="12" duration="20"/>
   </animation_sequence>
  </animation_state>
  
 </animations_list>  
</sprite_type>
