<?xml version="1.0" encoding="UTF-8" standalone="no"?>
<sprite_type>
    <image_config>SEPARATED</image_config>
    <width>89</width>
    <height>88</height>
    <images_list>
        <image_file id="1"  file_name="explosion1.png"/>
        <image_file id="2"  file_name="explosion2.png"/>
        <image_file id="3"  file_name="explosion3.png"/>
        <image_file id="4"  file_name="explosion4.png"/>
        <image_file id="5"  file_name="explosion5.png"/>
        <image_file id="6"  file_name="explosion6.png"/>
        <image_file id="7"  file_name="explosion7.png"/>
        <image_file id="8"  file_name="explosion8.png"/>
        <image_file id="9"  file_name="explosion9.png"/>
        <image_file id="10" file_name="explosion10.png"/>
        <image_file id="11" file_name="explosion11.png"/>
        <image_file id="12" file_name="explosion12.png"/>
		<image_file id="13" file_name="explosion13.png"/>
	    <image_file id="14" file_name="explosion14.png"/>
	    <image_file id="15" file_name="explosion15.png"/>
		<image_file id="16"  file_name="explosion16.png"/>
        <image_file id="17"  file_name="explosion17.png"/>
        <image_file id="18"  file_name="explosion18.png"/>
        <image_file id="19"  file_name="explosion19.png"/>
        <image_file id="20" file_name="explosion20.png"/>
        <image_file id="21" file_name="explosion21.png"/>
        <image_file id="22" file_name="explosion22.png"/>
		<image_file id="23" file_name="explosion23.png"/>
	    <image_file id="24" file_name="explosion24.png"/>
	    <image_file id="25" file_name="explosion25.png"/>
		<image_file id="26" file_name="explosion26.png"/>
		<image_file id="27" file_name="explosion27.png"/>
		<image_file id="28" file_name="explosion28.png"/>
    </images_list>
    <animations_list>
        <animation_state>
            <state>EXPLOSION</state>
            <animation_sequence>
                <pose image_id="1" duration="1"/>
                <pose image_id="2" duration="1"/>
                <pose image_id="3" duration="1"/>
                <pose image_id="4" duration="1"/>
                <pose image_id="5" duration="1"/>
                <pose image_id="6" duration="1"/>
                <pose image_id="7" duration="1"/>
                <pose image_id="8" duration="1"/>
                <pose image_id="9" duration="1"/>
				<pose image_id="10" duration="1"/>
				<pose image_id="11" duration="1"/>
				<pose image_id="12" duration="1"/>	
				<pose image_id="13" duration="1"/>
				<pose image_id="14" duration="1"/>
				<pose image_id="15" duration="1"/>		

                <pose image_id="16" duration="1"/>
                <pose image_id="17" duration="1"/>
                <pose image_id="18" duration="1"/>
                <pose image_id="19" duration="1"/>
                <pose image_id="20" duration="1"/>
                <pose image_id="21" duration="1"/>
				
				<pose image_id="22" duration="1"/>
                <pose image_id="23" duration="1"/>
                <pose image_id="24" duration="1"/>
                <pose image_id="25" duration="1"/>
                <pose image_id="26" duration="1"/>
                <pose image_id="27" duration="1"/>
				<pose image_id="28" duration="1"/>
					
            </animation_sequence>
        </animation_state>    
    </animations_list>  
</sprite_type>