<?xml version="1.0" encoding="UTF-8" standalone="no"?>
<sprite_type>
    <image_config>SEPARATED</image_config>
    <width>56</width>
    <height>22</height>
    <images_list>
        <image_file id="1"  file_name="rocket1.png"/>
        <image_file id="2"  file_name="rocket2.png"/>

    </images_list>
    <animations_list>
        <animation_state>
            <state>PRIMARY_FIRE</state>
            <animation_sequence>
                <pose image_id="1" duration="2"/>
                <pose image_id="2" duration="2"/>				
            </animation_sequence>
        </animation_state>    
    </animations_list>  
</sprite_type>