<?xml version="1.0" encoding="UTF-8" standalone="no"?>
<sprite_type>
 <width>224</width>
 <height>228</height>
 <images_list>
  <image_file id="1"  file_name="lavabossidle1.png"/>
  <image_file id="2"  file_name="lavabossidle2.png"/>
 </images_list>
 <animations_list>

    <animation_state>
  <state>IDLE</state>
   <animation_sequence>
    <pose image_id="1" duration="20"/>
	<pose image_id="2" duration="20"/>
   </animation_sequence>
  </animation_state>
  
  <animation_state>
  <state>IDLE_RIGHT</state>
   <animation_sequence>
    <pose image_id="1" duration="20"/>
	<pose image_id="2" duration="20"/>
   </animation_sequence>
  </animation_state>
  
 </animations_list>  
</sprite_type>
