<?xml version="1.0" encoding="UTF-8" standalone="no"?>
<sprite_type>
 <width>32</width>
 <height>32</height>
 <images_list>
  <image_file id="1"  file_name="curse_skull1.png"/>
  <image_file id="2"  file_name="curse_skull2.png"/>
  <image_file id="3"  file_name="curse_skull3.png"/>
  <image_file id="4"  file_name="curse_skull4.png"/>
  <image_file id="5"  file_name="curse_skull5.png"/>
  <image_file id="6"  file_name="curse_skull6.png"/>
  <image_file id="7"  file_name="Death/curse_skull1.png"/>
  <image_file id="8"  file_name="Death/curse_skull2.png"/>
  <image_file id="9"  file_name="Death/curse_skull3.png"/>
  <image_file id="10"  file_name="Death/curse_skull4.png"/>
  <image_file id="11"  file_name="Death/curse_skull5.png"/>
  <image_file id="12"  file_name="Death/curse_skull6.png"/>
  <image_file id="13"  file_name="Death/curse_skull7.png"/>
  <image_file id="14"  file_name="Death/curse_skull8.png"/>
  <image_file id="15"  file_name="attack/curse_skull_attack_1.png"/>
  <image_file id="16"  file_name="attack/curse_skull_attack_2.png"/>
  <image_file id="17"  file_name="attack/curse_skull_attack_3.png"/>
  <image_file id="18"  file_name="attack/curse_skull_attack_4.png"/>
  <image_file id="19"  file_name="attack/curse_skull_attack_5.png"/>
  <image_file id="20"  file_name="attack/curse_skull_attack_6.png"/>
 </images_list>
 <animations_list>

    <animation_state>
  <state>IDLE</state>
   <animation_sequence>
    <pose image_id="1" duration="12"/>
	<pose image_id="2" duration="6"/>
	<pose image_id="3" duration="6"/>
   </animation_sequence>
  </animation_state>
  
      <animation_state>
  <state>ATTACK</state>
   <animation_sequence>
    <pose image_id="17" duration="3"/>
	<pose image_id="18" duration="3"/>
	<pose image_id="19" duration="3"/>
	<pose image_id="20" duration="3"/>
   </animation_sequence>
  </animation_state>

    <animation_state>
  <state>IDLE_RIGHT</state>
   <animation_sequence>
    <pose image_id="4" duration="12"/>
	<pose image_id="5" duration="6"/>
	<pose image_id="6" duration="6"/>
   </animation_sequence>
  </animation_state>

    <animation_state>
  <state>DEATH</state>
   <animation_sequence>
    <pose image_id="7" duration="12"/>
	<pose image_id="8" duration="6"/>
	<pose image_id="9" duration="6"/>
	<pose image_id="10" duration="6"/>
	<pose image_id="11" duration="6"/>
	<pose image_id="12" duration="6"/>
	<pose image_id="13" duration="6"/>
	<pose image_id="14" duration="6"/>
   </animation_sequence>
  </animation_state>
  
      <animation_state>
  <state>DEAD</state>
   <animation_sequence>
    <pose image_id="14" duration="12"/>
   </animation_sequence>
  </animation_state>
  
 </animations_list>  
</sprite_type>
