<?xml version="1.0" encoding="UTF-8" standalone="no"?>
<sprite_type>
 <width>10</width>
 <height>60</height>
 <images_list>
  <image_file id="1"  file_name="shooting_star1.png"/>
   <image_file id="2"  file_name="shooting_star2.png"/>
    <image_file id="3"  file_name="shooting_star3.png"/>
	 <image_file id="4"  file_name="shooting_star4.png"/>
	  <image_file id="5"  file_name="shooting_star5.png"/>
	   <image_file id="6"  file_name="shooting_star6.png"/>
 </images_list>
 <animations_list>

    <animation_state>
  <state>IDLE</state>
   <animation_sequence>
    <pose image_id="1" duration="2"/>
	<pose image_id="2" duration="2"/>
	<pose image_id="4" duration="2"/>
	<pose image_id="5" duration="2"/>
	<pose image_id="6" duration="2"/>
	<pose image_id="5" duration="2"/>
	<pose image_id="4" duration="2"/>
	<pose image_id="3" duration="2"/>
	<pose image_id="2" duration="2"/>
   </animation_sequence>
  </animation_state>
  
 </animations_list>  
</sprite_type>