<?xml version="1.0" encoding="UTF-8" standalone="no"?>
<sprite_type>
 <width>32</width>
 <height>32</height>
 <images_list>
  <image_file id="1"  file_name="player_img1.png"/>
  <image_file id="2"  file_name="player_img2.png"/>
  <image_file id="3"  file_name="player_img3.png"/>
  <image_file id="4"  file_name="player_img4.png"/>
  <image_file id="5"  file_name="player_img5.png"/>
  <image_file id="6"  file_name="player_img6.png"/>
  <image_file id="7"  file_name="player_img7.png"/>
  <image_file id="8"  file_name="player_img8.png"/>
  <image_file id="9"  file_name="player_img9.png"/>
  <image_file id="10"  file_name="player_img10.png"/>
  <image_file id="11"  file_name="player_img11.png"/>
  <image_file id="12"  file_name="player_img12.png"/>
  
  <image_file id="13"  file_name="Red Visor/player_img1.png"/>
  <image_file id="14"  file_name="Red Visor/player_img2.png"/>
  <image_file id="15"  file_name="Red Visor/player_img3.png"/>
  <image_file id="16"  file_name="Red Visor/player_img4.png"/>
  <image_file id="17"  file_name="Red Visor/player_img5.png"/>
  <image_file id="18"  file_name="Red Visor/player_img6.png"/>
  <image_file id="19"  file_name="Red Visor/player_img7.png"/>
  <image_file id="20"  file_name="Red Visor/player_img8.png"/>
  <image_file id="21"  file_name="Red Visor/player_img9.png"/>
  
  <image_file id="22"  file_name="Lime Visor/player_img1.png"/>
  <image_file id="23"  file_name="Lime Visor/player_img2.png"/>
  <image_file id="24"  file_name="Lime Visor/player_img3.png"/>
  <image_file id="25"  file_name="Lime Visor/player_img4.png"/>
  <image_file id="26"  file_name="Lime Visor/player_img5.png"/>
  <image_file id="27"  file_name="Lime Visor/player_img6.png"/>
  <image_file id="28"  file_name="Lime Visor/player_img7.png"/>
  <image_file id="29"  file_name="Lime Visor/player_img8.png"/>
  <image_file id="30"  file_name="Lime Visor/player_img9.png"/>
  
 </images_list>
 <animations_list>

    <animation_state>
  <state>IDLE</state>
   <animation_sequence>
    <pose image_id="1" duration="2"/>
   </animation_sequence>
  </animation_state>
  
   <animation_state>
  <state>WALKING_NORTH</state>
   <animation_sequence>
    <pose image_id="10" duration="4"/>
	<pose image_id="11" duration="4"/>
	<pose image_id="12" duration="4"/>
   </animation_sequence>
  </animation_state>
  
   <animation_state>
  <state>WALKING_SOUTH</state>
   <animation_sequence>
    <pose image_id="1" duration="4"/>
	<pose image_id="2" duration="4"/>
	<pose image_id="3" duration="4"/>
   </animation_sequence>
  </animation_state>
  
   <animation_state>
  <state>WALKING_EAST</state>
   <animation_sequence>
    <pose image_id="7" duration="4"/>
	<pose image_id="8" duration="4"/>
	<pose image_id="9" duration="4"/>
   </animation_sequence>
  </animation_state>
  
   <animation_state>
  <state>WALKING_WEST</state>
   <animation_sequence>
    <pose image_id="4" duration="4"/>
	<pose image_id="5" duration="4"/>
	<pose image_id="6" duration="4"/>
   </animation_sequence>
  </animation_state>
  
    <animation_state>
  <state>IDLE_RED</state>
   <animation_sequence>
    <pose image_id="13" duration="2"/>
   </animation_sequence>
  </animation_state>
  
   <animation_state>
  <state>WALKING_SOUTH_RED</state>
   <animation_sequence>
    <pose image_id="13" duration="4"/>
	<pose image_id="14" duration="4"/>
	<pose image_id="15" duration="4"/>
   </animation_sequence>
  </animation_state>
  
   <animation_state>
  <state>WALKING_EAST_RED</state>
   <animation_sequence>
    <pose image_id="19" duration="4"/>
	<pose image_id="20" duration="4"/>
	<pose image_id="21" duration="4"/>
   </animation_sequence>
  </animation_state>
  
   <animation_state>
  <state>WALKING_WEST_RED</state>
   <animation_sequence>
    <pose image_id="16" duration="4"/>
	<pose image_id="17" duration="4"/>
	<pose image_id="18" duration="4"/>
   </animation_sequence>
  </animation_state>  
    <animation_state>
	
	
  <state>IDLE_GREEN</state>
   <animation_sequence>
    <pose image_id="22" duration="2"/>
   </animation_sequence>
  </animation_state>
  
   <animation_state>
  <state>WALKING_SOUTH_GREEN</state>
   <animation_sequence>
    <pose image_id="22" duration="4"/>
	<pose image_id="23" duration="4"/>
	<pose image_id="24" duration="4"/>
   </animation_sequence>
  </animation_state>
  
   <animation_state>
  <state>WALKING_EAST_GREEN</state>
   <animation_sequence>
    <pose image_id="28" duration="4"/>
	<pose image_id="29" duration="4"/>
	<pose image_id="30" duration="4"/>
   </animation_sequence>
  </animation_state>
  
   <animation_state>
  <state>WALKING_WEST_GREEN</state>
   <animation_sequence>
    <pose image_id="25" duration="4"/>
	<pose image_id="26" duration="4"/>
	<pose image_id="27" duration="4"/>
   </animation_sequence>
  </animation_state>
  
 </animations_list>  
</sprite_type>