<?xml version="1.0" encoding="UTF-8" standalone="no"?>
<sprite_type>
    <image_config>SEPARATED</image_config>
    <width>128</width>
    <height>128</height>
    <images_list>
        <image_file id="1"  file_name="NEUTRAL.png"/>
        <image_file id="2"  file_name="IDLE-1.png"/>
        <image_file id="3"  file_name="IDLE-2.png"/>
        <image_file id="4"  file_name="IDLE-3.png"/>
        <image_file id="5"  file_name="IDLE-4.png"/>
        <image_file id="6"  file_name="IDLE-5.png"/>
        <image_file id="7"  file_name="MOVING-1.png"/>
        <image_file id="8"  file_name="MOVING-2.png"/>
        <image_file id="9"  file_name="MOVING-3.png"/>
        <image_file id="10" file_name="MOVING-4.png"/>
        <image_file id="11" file_name="ATTACKING-1.png"/>
        <image_file id="12" file_name="ATTACKING-2.png"/>
		<image_file id="13" file_name="ATTACKING-3.png"/>
		<image_file id="14" file_name="ATTACKING-4.png"/>
		<image_file id="15" file_name="ATTACKING-5.png"/>
		<image_file id="16" file_name="ATTACKING-6.png"/>
		<image_file id="17" file_name="ATTACKING-7.png"/>
		<image_file id="18" file_name="ATTACKING-8.png"/>
		<image_file id="19" file_name="ATTACKING-9.png"/>
		<image_file id="20" file_name="DANCING-1.png"/>
		<image_file id="21" file_name="DANCING-2.png"/>
		<image_file id="22" file_name="DANCING-3.png"/>
		<image_file id="23" file_name="DANCING-4.png"/>
		<image_file id="24" file_name="DANCING-5.png"/>
		<image_file id="25" file_name="DANCING-6.png"/>
		<image_file id="26" file_name="DYING-1.png"/>
		<image_file id="27" file_name="DYING-2.png"/>
		<image_file id="28" file_name="DYING-3.png"/>
		<image_file id="29" file_name="DYING-4.png"/>
    </images_list>
    <animations_list>
        <animation_state>
            <state>IDLE</state>
            <animation_sequence>
                <pose image_id="1" duration="8"/>
                <pose image_id="2" duration="1"/>
                <pose image_id="3" duration="1"/>
                <pose image_id="4" duration="1"/>
                <pose image_id="5" duration="1"/>
				<pose image_id="6" duration="1"/>
				<pose image_id="5" duration="1"/>
				<pose image_id="4" duration="1"/>
				<pose image_id="3" duration="1"/>
				<pose image_id="2" duration="1"/>
            </animation_sequence>
        </animation_state>
        <animation_state>
            <state>WALKING</state>
            <animation_sequence>
                <pose image_id="1" duration="1"/>
				<pose image_id="7" duration="1"/>
				<pose image_id="8" duration="1"/>
				<pose image_id="7" duration="1"/>
				<pose image_id="1" duration="1"/>
				<pose image_id="9" duration="1"/>
				<pose image_id="10" duration="1"/>
				<pose image_id="9" duration="1"/>
            </animation_sequence>
        </animation_state>
		<animation_state>
            <state>RUNNING</state>
            <animation_sequence>
                <pose image_id="7" duration="1"/>
				<pose image_id="8" duration="1"/>
				<pose image_id="9" duration="1"/>
				<pose image_id="10" duration="1"/>
				<pose image_id="9" duration="1"/>
            </animation_sequence>
        </animation_state>
		<animation_state>
            <state>ATTACKING</state>
            <animation_sequence>
                <pose image_id="1" duration="1"/>
				<pose image_id="11" duration="1"/>
				<pose image_id="12" duration="1"/>
				<pose image_id="13" duration="3"/>
				<pose image_id="14" duration="1"/>
				<pose image_id="15" duration="1"/>
				<pose image_id="16" duration="1"/>
				<pose image_id="17" duration="1"/>
				<pose image_id="18" duration="1"/>
				<pose image_id="19" duration="1"/>
            </animation_sequence>
        </animation_state>
		<animation_state>
            <state>DANCING</state>
            <animation_sequence>
                <pose image_id="1" duration="1"/>
				<pose image_id="20" duration="1"/>
				<pose image_id="21" duration="1"/>
				<pose image_id="22" duration="1"/>
				<pose image_id="21" duration="1"/>
				<pose image_id="20" duration="1"/>
				<pose image_id="1" duration="1"/>
				<pose image_id="23" duration="1"/>
				<pose image_id="24" duration="1"/>
				<pose image_id="25" duration="1"/>
				<pose image_id="24" duration="1"/>
				<pose image_id="23" duration="1"/>
            </animation_sequence>
        </animation_state>
		<animation_state>
            <state>DEATH</state>
            <animation_sequence>
                <pose image_id="1" duration="1"/>
				<pose image_id="26" duration="3"/>
				<pose image_id="27" duration="1"/>
				<pose image_id="28" duration="1"/>
				<pose image_id="29" duration="10"/>
            </animation_sequence>
        </animation_state>
		
		
		
				<animation_state>
            <state>DEAD</state>
            <animation_sequence>
				<pose image_id="29" duration="10"/>
            </animation_sequence>
        </animation_state>
		
		
    </animations_list>  
</sprite_type>